Name,Age,CGPA,Position,Email,Phone Number,Work Experience,Skills
kal,23,4,Officer,kal@gmail.com,0958653245,5,tack
kal,19,4,Software Developer,kal@gmail.com,0912345678,6,learn
kalo,52,4,Software Developer,li@gmail.com,0912345678,9,la
barkot,23,4,Officer,barkot@gmail.com,0967585881,7,communication
kk,35,4,Software Developer,kjh@gmail.com,0912345678,db,lkjhgf,lkjhg,lkjhg,dfgh
dfg,19,4,Officer,sdfg@gmail.com,0912345678,zd,asd,asd,df,,,a
sd,65,s4,Software Developer,sd@gmail.com,0912345678,s,sd,sd,as,asd,sd,as
g,66,4,Software Developer,sdf@gmail.com,0912345678,sd,as,as,s,sd,as,as
kjhv,65,46,Officer,ka@gmail.com,0912345678,sdfg,asdf,sdfg,sdfg,,,sdf
